name,datetime,tempmax,tempmin,temp,feelslikemax,feelslikemin,feelslike,dew,humidity,precip,precipprob,precipcover,preciptype,snow,snowdepth,windgust,windspeed,winddir,sealevelpressure,cloudcover,visibility,solarradiation,solarenergy,uvindex,severerisk,sunrise,sunset,moonphase,conditions,description,icon,stations
ivory coast,2023-09-01,32.1,21.4,26.3,37.5,21.4,28.2,23.3,84.5,0,0,0,rain,0,0,27.4,14.8,207.1,1013.2,74.9,9.9,240.5,20.8,10,30,2023-09-01T06:13:50,2023-09-01T18:28:35,0.55,Partially cloudy,Partly cloudy throughout the day.,partly-cloudy-day,"65562099999,remote,65563099999"
ivory coast,2023-09-02,30.1,21.1,24.6,32.9,21.1,25.1,22.5,89.3,13.955,100,8.33,rain,0,0,32.8,22.3,260.3,1012.7,72.8,8.7,217.5,18.8,8,60,2023-09-02T06:13:42,2023-09-02T18:28:05,0.58,"Rain, Partially cloudy",Partly cloudy throughout the day with rain.,rain,"65562099999,remote,65563099999"
ivory coast,2023-09-03,30.1,21.7,25.3,34.3,21.7,26.4,23,88,6.261,100,8.33,rain,0,0,35.3,29.5,212.3,1012.7,92.5,9.6,201.8,17.6,7,30,2023-09-03T06:13:34,2023-09-03T18:27:35,0.61,"Rain, Overcast",Cloudy skies throughout the day with rain in the morning and afternoon.,rain,"65562099999,remote,65563099999"
ivory coast,2023-09-04,30.2,21.4,25.3,33.9,21.4,26.4,22.5,85.6,7.297,100,4.17,rain,0,0,25.9,14.3,218.6,1013.9,80.8,10.9,219.4,18.9,8,30,2023-09-04T06:13:25,2023-09-04T18:27:05,0.65,"Rain, Partially cloudy",Partly cloudy throughout the day with morning rain.,rain,"65562099999,remote,65563099999"
ivory coast,2023-09-05,31.4,21.3,25.3,36.5,21.3,26.6,22.3,84.5,2.1,100,8.33,rain,0,0,30.2,18.4,234.5,1013.6,73.9,14.5,266.1,23,9,30,2023-09-05T06:13:16,2023-09-05T18:26:34,0.68,"Rain, Partially cloudy",Partly cloudy throughout the day with rain.,rain,"65562099999,remote,65563099999"
ivory coast,2023-09-06,28.6,21.3,24.8,32.5,21.3,25.7,22.5,87.9,0.652,100,4.17,rain,0,0,25.6,11.2,241.1,1013.3,67.4,10.9,140.4,12.1,8,30,2023-09-06T06:13:07,2023-09-06T18:26:03,0.75,"Rain, Partially cloudy",Partly cloudy throughout the day with late afternoon rain.,rain,"65562099999,remote,65563099999"
ivory coast,2023-09-07,32,21.7,26,36.3,21.7,27.3,22.9,85,0,0,0,rain,0,0,19.1,11.2,224.1,1013,64.6,10.5,240.7,20.9,10,30,2023-09-07T06:12:57,2023-09-07T18:25:31,0.75,Partially cloudy,Partly cloudy throughout the day.,partly-cloudy-day,"65562099999,remote,65563099999"
ivory coast,2023-09-08,34.1,21.4,26.7,39.5,21.4,28.7,23.3,83.2,0.1,100,4.17,rain,0,0,27.4,18.4,226.2,1013.2,71.7,11.9,202.9,17.4,10,60,2023-09-08T06:12:48,2023-09-08T18:25:00,0.78,"Rain, Partially cloudy",Partly cloudy throughout the day with early morning rain.,rain,"65562099999,remote,65563099999"
ivory coast,2023-09-09,33.1,22.6,26.6,38.2,22.6,28.3,23.1,82.8,0.553,100,4.17,rain,0,0,29.5,14.8,215.4,1013.4,86.5,8.8,168.2,14.4,8,30,2023-09-09T06:12:38,2023-09-09T18:24:28,0.81,"Rain, Partially cloudy",Partly cloudy throughout the day with late afternoon rain.,rain,"65562099999,65563099999"
ivory coast,2023-09-10,31.1,23.1,25.5,35.6,23.1,26.7,23.4,88.9,82.198,100,12.5,rain,0,0,24.8,14.3,236.4,1014.5,78.2,9.3,230.7,19.8,9,30,2023-09-10T06:12:28,2023-09-10T18:23:56,0.85,"Rain, Partially cloudy",Partly cloudy throughout the day with rain.,rain,"65562099999,65563099999"
ivory coast,2023-09-11,32.1,21.7,25.8,36.9,21.7,27.4,23,86,0.4,100,4.17,rain,0,0,19.8,14.8,254.5,1013.1,62,11.9,284.8,24.7,9,30,2023-09-11T06:12:19,2023-09-11T18:23:24,0.88,"Rain, Partially cloudy",Partly cloudy throughout the day with afternoon rain.,rain,"65562099999,remote,65563099999"
ivory coast,2023-09-12,32.6,21.1,25.7,39,21.1,27.4,23.5,88.7,23.263,100,8.33,rain,0,0,23,33.5,217.1,1011.8,75.4,9.3,234.8,20.2,9,60,2023-09-12T06:12:09,2023-09-12T18:22:52,0.91,"Rain, Partially cloudy",Partly cloudy throughout the day with rain in the morning and afternoon.,rain,"65562099999,remote,65563099999"
ivory coast,2023-09-13,27.9,21.1,24,30.6,21.1,24.5,21.8,88.7,10.295,100,8.33,rain,0,0,29.2,14.8,161,1011.5,95.6,9.9,242.9,20.9,9,60,2023-09-13T06:11:58,2023-09-13T18:22:20,0.95,"Rain, Overcast",Cloudy skies throughout the day with rain clearing later.,rain,"65562099999,remote,65563099999"
ivory coast,2023-09-14,29.1,22.4,25.2,34,22.4,26.3,23.4,90,0.004,100,4.17,rain,0,0,29.2,11.2,212,1011.4,82.3,11.3,134.3,11.6,9,60,2023-09-14T06:11:48,2023-09-14T18:21:47,0.98,"Rain, Partially cloudy",Partly cloudy throughout the day with early morning rain.,rain,"65562099999,remote,65563099999"
ivory coast,2023-09-15,31.1,22.3,25.9,37.9,22.3,27.6,23.8,88.8,0,0,0,rain,0,0,24.5,11.2,212.2,1012.2,83.3,10.8,246.2,21.3,9,60,2023-09-15T06:11:38,2023-09-15T18:21:15,0,Partially cloudy,Partly cloudy throughout the day.,partly-cloudy-day,"65562099999,remote,65563099999"
ivory coast,2023-09-16,31.3,21.9,25.9,36.7,21.9,27.4,23.5,87.5,0.963,100,4.17,rain,0,0,28.1,18.4,207.9,1012.3,78.2,10.3,282.8,24.5,10,60,2023-09-16T06:11:28,2023-09-16T18:20:42,0.05,"Rain, Partially cloudy",Partly cloudy throughout the day with afternoon rain.,rain,"65562099999,remote,65563099999"
ivory coast,2023-09-17,30.9,22.3,26,36.2,22.3,27.5,23.3,85.9,0.197,100,8.33,rain,0,0,28.4,18.4,215.3,1012.1,69.6,9.9,217.3,18.8,9,60,2023-09-17T06:11:18,2023-09-17T18:20:09,0.08,"Rain, Partially cloudy",Partly cloudy throughout the day with rain.,rain,"65562099999,remote,65563099999"
ivory coast,2023-09-18,30.1,22.1,25.3,35.2,22.1,26.5,23.5,90.3,22.923,100,8.33,rain,0,0,29.5,14.8,201.6,1011.3,88.1,10.2,229.2,19.9,9,60,2023-09-18T06:11:07,2023-09-18T18:19:37,0.12,"Rain, Partially cloudy",Partly cloudy throughout the day with rain in the morning and afternoon.,rain,"65562099999,remote,65563099999"
ivory coast,2023-09-19,30.1,22.5,25.3,35.2,22.5,26.7,23.4,89.8,10.3,100,37.5,rain,0,0,25.6,14.8,208.2,1011.7,84.7,14.6,271.8,23.6,10,60,2023-09-19T06:10:57,2023-09-19T18:19:04,0.15,"Rain, Partially cloudy",Partly cloudy throughout the day with rain.,rain,"65562099999,remote,65563099999"
ivory coast,2023-09-20,33.1,21.9,26.5,39.4,21.9,28.4,23.6,85.2,0.4,100,4.17,rain,0,0,25.2,7.6,214.3,1012.2,72.4,10.5,256.5,22.3,9,60,2023-09-20T06:10:47,2023-09-20T18:18:32,0.19,"Rain, Partially cloudy",Partly cloudy throughout the day with early morning rain.,rain,"remote,65563099999"
ivory coast,2023-09-21,34.1,22.5,27.1,40.7,22.5,29.1,23.8,84.2,0.3,100,4.17,rain,0,0,18,11.2,224.2,1011.9,76.6,11.9,257.3,22.2,9,60,2023-09-21T06:10:37,2023-09-21T18:17:59,0.22,"Rain, Partially cloudy",Partly cloudy throughout the day with morning rain.,rain,"65562099999,remote,65563099999"
ivory coast,2023-09-22,31.1,21.4,26.1,36.7,21.4,28.2,23.4,86,0.111,100,4.17,rain,0,0,24.1,7.6,199,1011.8,83.6,10.5,258.1,22.3,9,60,2023-09-22T06:10:27,2023-09-22T18:17:27,0.25,"Rain, Partially cloudy",Partly cloudy throughout the day with late afternoon rain.,rain,"65562099999,remote,65563099999"
ivory coast,2023-09-23,32.2,23.1,26.4,38,23.1,28.5,23.6,85.9,5.406,100,8.33,rain,0,0,27,11.2,221.9,1012.1,75.8,10.5,271.6,23.5,10,60,2023-09-23T06:10:17,2023-09-23T18:16:55,0.29,"Rain, Partially cloudy",Partly cloudy throughout the day with rain clearing later.,rain,"65562099999,remote,65563099999"
ivory coast,2023-09-24,28.5,22,24.7,32.9,22,25.5,23.4,93.1,20.373,100,8.33,rain,0,0,22.7,7.6,234,1013.2,83.5,9.8,210.8,18.2,8,60,2023-09-24T06:10:07,2023-09-24T18:16:22,0.33,"Rain, Partially cloudy",Partly cloudy throughout the day with rain.,rain,"65562099999,remote,65563099999"
ivory coast,2023-09-25,32.1,21.9,26.4,36.9,21.9,28.2,23.6,86.1,0.074,100,4.17,rain,0,0,17.3,7.6,192.6,1013.1,72.1,10.4,235.7,20.3,10,60,2023-09-25T06:09:57,2023-09-25T18:15:50,0.36,"Rain, Partially cloudy",Partly cloudy throughout the day with early morning rain.,rain,"65562099999,remote,65563099999"
ivory coast,2023-09-26,32.1,21.9,26.2,38,21.9,27.9,23.7,86.9,0,0,0,rain,0,0,14.8,7.6,192.8,1012.3,75.9,9,200.5,17.4,8,60,2023-09-26T06:09:48,2023-09-26T18:15:18,0.4,Partially cloudy,Partly cloudy throughout the day.,partly-cloudy-day,"65562099999,remote,65563099999"
ivory coast,2023-09-27,33.1,21.7,26.3,38.7,21.7,28,23.7,87.2,1.2,100,8.33,rain,0,0,12.6,11.2,234.6,1011.3,55.6,11.3,282.4,24.2,9,75,2023-09-27T06:09:38,2023-09-27T18:14:47,0.43,"Rain, Partially cloudy",Partly cloudy throughout the day with rain in the morning and afternoon.,rain,"65562099999,remote,65563099999"
ivory coast,2023-09-28,32.7,22,26.6,40,22,28.6,23.8,85.4,4,100,20.83,rain,0,0,21.6,14.8,202,1010.6,59.9,13.9,240.1,20.7,8,60,2023-09-28T06:09:29,2023-09-28T18:14:15,0.47,"Rain, Partially cloudy",Partly cloudy throughout the day with rain.,rain,"65562099999,remote,65563099999"
ivory coast,2023-09-29,34.1,22.3,27.6,40.7,22.3,30.1,24.2,83.1,0,0,0,rain,0,0,22.3,7.6,214.5,1011.6,68.4,10.9,203.3,17.4,8,30,2023-09-29T06:09:20,2023-09-29T18:13:44,0.5,Partially cloudy,Partly cloudy throughout the day.,partly-cloudy-day,"65562099999,remote,65563099999"
ivory coast,2023-09-30,32.3,22.6,26.2,39.3,22.6,27.6,24.1,89.5,8.074,100,4.17,rain,0,0,13.3,11.2,210.5,1011.6,77.6,9.2,249.9,21.5,9,60,2023-09-30T06:09:11,2023-09-30T18:13:13,0.54,"Rain, Partially cloudy",Partly cloudy throughout the day with late afternoon rain.,rain,"65562099999,remote,65563099999"
ivory coast,2023-10-01,33.3,24,27.1,40.7,24,29.5,24.4,86.5,12.816,100,8.33,rain,0,0,27.7,14.8,203.2,1011.3,65.7,8.9,216.9,18.8,9,60,2023-10-01T06:09:03,2023-10-01T18:12:42,0.57,"Rain, Partially cloudy",Partly cloudy throughout the day with rain.,rain,"65562099999,65563099999"
ivory coast,2023-10-02,31.1,22.4,26.2,36.7,22.4,28.3,24,88.4,2.889,100,4.17,rain,0,0,24.1,11.2,209.7,1011.1,74,10.5,197.2,17,8,60,2023-10-02T06:08:54,2023-10-02T18:12:12,0.6,"Rain, Partially cloudy",Partly cloudy throughout the day with morning rain.,rain,"65562099999,remote,65563099999"
ivory coast,2023-10-03,31,22.7,25.5,36.4,22.7,26.7,23.9,91.8,23.447,100,12.5,rain,0,0,22.7,14.5,212.3,1011.2,81.1,9.9,29.7,2.7,2,10,2023-10-03T06:08:46,2023-10-03T18:11:42,0.63,"Rain, Partially cloudy",Partly cloudy throughout the day with rain.,rain,"65562099999,remote,65563099999"
ivory coast,2023-10-04,29.2,22,25.7,33.7,22,26.8,23.4,87.9,0.2,100,4.17,rain,0,0,28.4,14.8,216.7,1011.5,74.7,10.6,197.4,17,7,30,2023-10-04T06:08:39,2023-10-04T18:11:12,0.67,"Rain, Partially cloudy",Partly cloudy throughout the day with afternoon rain.,rain,"65562099999,remote,65563099999"
ivory coast,2023-10-05,31.1,21.8,26.3,37.9,21.8,28.4,23.6,85.9,0.193,100,4.17,rain,0,0,13,14.8,208.1,1011.6,83.8,11.7,274.7,23.8,10,60,2023-10-05T06:08:31,2023-10-05T18:10:42,0.7,"Rain, Partially cloudy",Partly cloudy throughout the day with morning rain.,rain,"65562099999,remote,65563099999"
ivory coast,2023-10-06,31.4,22.5,26.1,37.9,22.5,27.9,24,89.4,0.963,100,4.17,rain,0,0,8.6,11.2,246.5,1011.3,77.5,10.4,214.6,18.5,9,60,2023-10-06T06:08:24,2023-10-06T18:10:13,0.75,"Rain, Partially cloudy",Partly cloudy throughout the day with late afternoon rain.,rain,"65562099999,remote,65563099999"
ivory coast,2023-10-07,33.7,22.7,26,44,22.7,27.6,23.9,88.8,13.595,100,8.33,rain,0,0,18.4,14.8,219,1011.6,87.4,8.4,68.1,5.7,5,10,2023-10-07T06:08:18,2023-10-07T18:09:45,0.76,"Rain, Partially cloudy",Partly cloudy throughout the day with rain clearing later.,rain,"65562099999,remote,65563099999"
ivory coast,2023-10-08,31.1,22.6,26.3,36.7,22.6,28.1,23.8,87.1,20.706,100,12.5,rain,0,0,23.4,14.8,216,1012.3,83.7,9.7,179.1,15.3,8,30,2023-10-08T06:08:11,2023-10-08T18:09:17,0.8,"Rain, Partially cloudy",Partly cloudy throughout the day with rain.,rain,"65562099999,remote,65563099999"
ivory coast,2023-10-09,31.1,22.5,25.7,37.9,22.5,27,23.6,88.5,2.533,100,8.33,rain,0,0,24.8,7.6,238.7,1013.6,83.1,10.4,125.2,10.9,8,30,2023-10-09T06:08:05,2023-10-09T18:08:49,0.83,"Rain, Partially cloudy",Partly cloudy throughout the day with rain.,rain,"65562099999,remote,65563099999"
ivory coast,2023-10-10,33.1,21.8,26.8,38.2,21.8,29,23.7,84.5,0.037,100,4.17,rain,0,0,10.8,11.2,230,1012.9,65.8,10.4,278.5,24.1,10,60,2023-10-10T06:08:00,2023-10-10T18:08:22,0.86,"Rain, Partially cloudy",Partly cloudy throughout the day with late afternoon rain.,rain,"65562099999,remote,65563099999"
ivory coast,2023-10-11,30.1,22.3,26,37.6,22.3,28,24,89.3,2.889,100,4.17,rain,0,0,10.1,11.2,243.6,1012.4,79.9,9.3,126.1,11,9,30,2023-10-11T06:07:55,2023-10-11T18:07:55,0.89,"Rain, Partially cloudy",Partly cloudy throughout the day with afternoon rain.,rain,"65562099999,remote,65563099999"
ivory coast,2023-10-12,28.1,22.1,24.8,32.1,22.1,25.3,22.8,89,0.516,100,4.17,rain,0,0,13,25.9,343.3,1013,77.7,11,160,13.8,8,30,2023-10-12T06:07:50,2023-10-12T18:07:29,0.93,"Rain, Partially cloudy",Partly cloudy throughout the day with afternoon rain.,rain,"65562099999,remote,65563099999"
ivory coast,2023-10-13,32.1,20.9,26.1,38,20.9,28.2,22.9,84,0.442,100,4.17,rain,0,0,10.4,18.4,93,1012.7,67.3,9.1,190,16.3,9,60,2023-10-13T06:07:46,2023-10-13T18:07:03,0.96,"Rain, Partially cloudy",Partly cloudy throughout the day with morning rain.,rain,"65562099999,remote,65563099999"
ivory coast,2023-10-14,32.2,22,26.4,39.3,22,28.7,23.5,85.4,3.3,100,12.5,rain,0,0,18.4,29.5,262.8,1012.8,71.2,9.8,237.9,20.5,10,60,2023-10-14T06:07:42,2023-10-14T18:06:38,0,"Rain, Partially cloudy",Partly cloudy throughout the day with early morning rain.,rain,"65562099999,remote,65563099999"
ivory coast,2023-10-15,33.1,22.1,26.6,40.7,22.1,29,23.1,82.8,3.664,100,8.33,rain,0,0,22,7.6,207.1,1011.8,63.9,9.4,136.1,11.8,6,60,2023-10-15T06:07:39,2023-10-15T18:06:13,0.03,"Rain, Partially cloudy",Partly cloudy throughout the day with rain.,rain,"65562099999,remote,65563099999"
ivory coast,2023-10-16,33.2,22,26.1,38.2,22,27.8,22.7,83.8,1.071,100,4.17,rain,0,0,29.5,22.3,195.8,1011.7,67,8.5,268.9,23,10,75,2023-10-16T06:07:36,2023-10-16T18:05:49,0.06,"Rain, Partially cloudy",Partly cloudy throughout the day with late afternoon rain.,rain,"65562099999,remote,65563099999"
ivory coast,2023-10-17,31.2,22.2,26.1,35.7,22.2,27.6,23.6,87.5,22.108,100,12.5,rain,0,0,23,11.2,260.3,1012.5,84.6,9.9,251.9,21.7,9,60,2023-10-17T06:07:34,2023-10-17T18:05:26,0.1,"Rain, Partially cloudy",Partly cloudy throughout the day with a chance of rain throughout the day.,rain,"65562099999,remote,65563099999"
ivory coast,2023-10-18,33.1,22.8,26.8,39.4,22.8,28.9,23.5,83.9,0.215,100,8.33,rain,0,0,14.4,11.2,206.4,1012.7,69.4,10.9,209.1,18,9,75,2023-10-18T06:07:33,2023-10-18T18:05:03,0.13,"Rain, Partially cloudy",Partly cloudy throughout the day with rain in the morning and afternoon.,rain,"65562099999,remote,65563099999"
ivory coast,2023-10-19,32.1,22.5,26.5,39.3,22.5,28.7,24.2,88.1,6.742,100,4.17,rain,0,0,18,11.2,293.8,1012.6,78.8,11.4,241.9,20.8,9,75,2023-10-19T06:07:32,2023-10-19T18:04:41,0.17,"Rain, Partially cloudy",Partly cloudy throughout the day with afternoon rain.,rain,"65562099999,remote,65563099999"
ivory coast,2023-10-20,30.5,22.1,25.7,34.5,22.1,27.1,23.9,90.5,7.709,100,4.17,rain,0,0,15.8,14.8,270.9,1013,65.2,9.8,238.8,20.9,8,60,2023-10-20T06:07:31,2023-10-20T18:04:20,0.2,"Rain, Partially cloudy",Partly cloudy throughout the day with morning rain.,rain,"65562099999,remote,65563099999"
ivory coast,2023-10-21,33.2,22,27.1,39.4,22,29.2,23.7,83.8,0.289,100,4.17,rain,0,0,22,14.8,230,1012.1,64.8,11,287.8,24.9,10,60,2023-10-21T06:07:31,2023-10-21T18:03:59,0.24,"Rain, Partially cloudy",Partly cloudy throughout the day with morning rain.,rain,"65562099999,remote,65563099999"
ivory coast,2023-10-22,32.1,23.9,26.9,39.3,23.9,29.2,24.2,86.8,0,0,0,,0,0,18,11.2,247.9,1011.3,65.2,8.9,280,24.2,10,60,2023-10-22T06:07:32,2023-10-22T18:03:39,0.25,Partially cloudy,Partly cloudy throughout the day.,partly-cloudy-day,"65562099999,65563099999"
ivory coast,2023-10-23,33.1,22.7,26.2,40.7,22.7,28,23.5,86.3,1.618,100,4.17,rain,0,0,9.7,11.2,244.5,1011,68.9,12.6,267.7,23.2,10,60,2023-10-23T06:07:33,2023-10-23T18:03:20,0.31,"Rain, Partially cloudy",Partly cloudy throughout the day with late afternoon rain.,rain,"65562099999,remote,65563099999"
ivory coast,2023-10-24,30.1,22.7,25.5,36.3,22.7,26.7,23.8,91.1,20.889,100,4.17,rain,0,0,24.1,11.2,213.4,1011.2,83.4,9.8,199,17.1,9,60,2023-10-24T06:07:35,2023-10-24T18:03:02,0.35,"Rain, Partially cloudy",Partly cloudy throughout the day with early morning rain.,rain,"65562099999,remote,65563099999"
ivory coast,2023-10-25,32.7,22,26.9,38.4,22,28.9,23.7,84.4,0,0,0,,0,0,16.6,11.2,233.6,1010.9,56.5,13,248.1,21.6,10,60,2023-10-25T06:07:38,2023-10-25T18:02:44,0.38,Partially cloudy,Partly cloudy throughout the day.,partly-cloudy-day,"65562099999,remote,65563099999"
ivory coast,2023-10-26,33.4,22.6,26.8,39.4,22.6,28.7,23.7,85,0,0,0,,0,0,23,14.8,220.2,1011.5,71.9,9.6,285.9,24.6,10,60,2023-10-26T06:07:41,2023-10-26T18:02:28,0.42,Partially cloudy,Partly cloudy throughout the day.,partly-cloudy-day,"65562099999,remote,65563099999"
ivory coast,2023-10-27,32.4,22.5,26.7,38.7,22.5,29,23.9,85.8,0.007,100,4.17,rain,0,0,27.4,11.2,223.2,1011.3,55.7,11.3,273.5,23.7,9,60,2023-10-27T06:07:45,2023-10-27T18:02:12,0.45,"Rain, Partially cloudy",Partly cloudy throughout the day with morning rain.,rain,"65562099999,remote,65563099999"
ivory coast,2023-10-28,33.1,23.1,26.8,38,23.1,28.5,23.2,82.9,0,0,0,rain,0,0,16.9,11.2,219.2,1010.4,47.1,8.9,283.7,24.4,10,30,2023-10-28T06:07:50,2023-10-28T18:01:56,0.5,Partially cloudy,Partly cloudy throughout the day.,partly-cloudy-day,"65562099999,65563099999"
ivory coast,2023-10-29,33.1,21,26,38.2,21,27.7,22.7,84.5,0,0,0,,0,0,11.9,11.2,219.6,1008.7,48.1,8.3,284.8,24.5,10,30,2023-10-29T06:07:55,2023-10-29T18:01:42,0.52,Partially cloudy,Partly cloudy throughout the day.,partly-cloudy-day,"65562099999,remote,65563099999"
ivory coast,2023-10-30,32.1,22.1,26.6,38,22.1,28.6,23.5,84.8,0.193,100,4.17,rain,0,0,20.9,21.8,237.5,1009,45.2,11.1,283.3,24.5,9,75,2023-10-30T06:08:01,2023-10-30T18:01:29,0.55,"Rain, Partially cloudy",Partly cloudy throughout the day with afternoon rain.,rain,"65562099999,remote,65563099999"
ivory coast,2023-10-31,33.1,22.1,26.5,39.4,22.1,28.3,22.9,82.6,0.037,100,4.17,rain,0,0,38.9,11.2,205.7,1009.5,44.7,10,275.3,23.7,10,60,2023-10-31T06:08:08,2023-10-31T18:01:16,0.59,"Rain, Partially cloudy",Partly cloudy throughout the day with early morning rain.,rain,"65562099999,65563099999"
ivory coast,2023-11-01,32.1,23.7,27.1,38,23.7,29.4,24,84.5,0,0,0,rain,0,0,38.9,11.2,223.5,1011.2,62.3,8.6,276,23.8,9,60,2023-11-01T06:08:15,2023-11-01T18:01:05,0.62,Partially cloudy,Partly cloudy throughout the day.,partly-cloudy-day,"65562099999,65563099999"
ivory coast,2023-11-02,32.7,22.1,26.6,38,22.1,29,23.6,85.2,0.963,100,4.17,rain,0,0,14,11.2,216.4,1012,60.7,9.5,262.3,22.7,9,60,2023-11-02T06:08:24,2023-11-02T18:00:54,0.65,"Rain, Partially cloudy",Partly cloudy throughout the day with morning rain.,rain,"65562099999,remote,65563099999"
ivory coast,2023-11-03,33.1,22.6,26.8,38.1,22.6,28.5,23.9,86,0,0,0,,0,0,24.1,14.8,224.5,1011,68.9,10.3,277.9,23.9,9,60,2023-11-03T06:08:32,2023-11-03T18:00:44,0.68,Partially cloudy,Partly cloudy throughout the day.,partly-cloudy-day,"65562099999,remote,65563099999"
ivory coast,2023-11-04,33.1,24.1,27.3,39.4,24.1,29.5,24.1,84.1,0,0,0,rain,0,0,18.7,11.2,234.3,1010.8,71,8.8,235,20.3,8,30,2023-11-04T06:08:42,2023-11-04T18:00:35,0.71,Partially cloudy,Partly cloudy throughout the day.,partly-cloudy-day,"65562099999,65563099999"
ivory coast,2023-11-05,32.1,21.8,26.3,38,21.8,28,23.5,86,0.018,100,4.17,rain,0,0,12.6,10.9,244.2,1010.9,61.1,9.4,279.9,24.2,9,60,2023-11-05T06:08:52,2023-11-05T18:00:27,0.75,"Rain, Partially cloudy",Partly cloudy throughout the day with late afternoon rain.,rain,"65562099999,remote,65563099999"
ivory coast,2023-11-06,33.1,22.9,26.3,39.4,22.9,27.9,23.4,85.6,0.1,100,4.17,rain,0,0,19.1,11.2,210.8,1011.5,50,9.3,265.9,23,9,75,2023-11-06T06:09:03,2023-11-06T18:00:20,0.78,"Rain, Partially cloudy",Partly cloudy throughout the day with late afternoon rain.,rain,"65562099999,remote,65563099999"
ivory coast,2023-11-07,33.1,22.1,26.6,40.7,22.1,28.9,23.4,84.3,0.885,100,4.17,rain,0,0,31,14.3,203.9,1011.2,62.1,10.9,248.6,21.3,9,60,2023-11-07T06:09:15,2023-11-07T18:00:14,0.81,"Rain, Partially cloudy",Partly cloudy throughout the day with early morning rain.,rain,"65562099999,remote,65563099999"
ivory coast,2023-11-08,33.4,21.1,25.6,39.6,21.1,26.9,22.9,87,12.488,100,8.33,rain,0,0,25.9,18.4,234.1,1010.7,50.5,10.2,212.6,18.4,9,30,2023-11-08T06:09:28,2023-11-08T18:00:09,0.84,"Rain, Partially cloudy",Partly cloudy throughout the day with rain.,rain,"65562099999,remote,65563099999"
ivory coast,2023-11-09,30.1,22.1,25.3,35.2,22.1,26.5,23.2,89.1,14.447,100,4.17,rain,0,0,13.7,11.2,234.2,1011.6,69.7,16.1,141.1,12.3,6,60,2023-11-09T06:09:41,2023-11-09T18:00:05,0.87,"Rain, Partially cloudy",Partly cloudy throughout the day with early morning rain.,rain,"65562099999,remote,65563099999"
ivory coast,2023-11-10,33.1,23.1,26.9,39.4,23.1,29,23.8,84.9,0.1,100,4.17,rain,0,0,9,11.2,267.3,1011.9,55,9.5,192.5,16.7,9,75,2023-11-10T06:09:55,2023-11-10T18:00:02,0.91,"Rain, Partially cloudy",Partly cloudy throughout the day with late afternoon rain.,rain,"remote,65563099999"
ivory coast,2023-11-11,32.7,22.1,26.2,38,22.1,27.9,23.4,86.3,0.5,100,4.17,rain,0,0,15.8,14.8,223,1012.4,53.6,12.4,251.8,21.7,9,30,2023-11-11T06:10:10,2023-11-11T18:00:00,0.94,"Rain, Partially cloudy",Partly cloudy throughout the day with early morning rain.,rain,"remote,65563099999"
ivory coast,2023-11-12,33.1,23.1,26.6,39.4,23.1,28.4,23.5,84.4,0,0,0,rain,0,0,28.8,11.2,261.7,1012.2,65.8,9,273.5,23.6,9,60,2023-11-12T06:10:25,2023-11-12T17:59:58,0.97,Partially cloudy,Partly cloudy throughout the day.,partly-cloudy-day,65563099999
ivory coast,2023-11-13,32.1,23.1,26.7,38,23.1,28.5,23.5,84.4,0,0,0,,0,0,18.7,11.2,237.1,1012.1,38.3,9.6,266.1,22.9,9,60,2023-11-13T06:10:42,2023-11-13T17:59:58,0,Partially cloudy,Partly cloudy throughout the day.,partly-cloudy-day,"remote,65563099999"
ivory coast,2023-11-14,33.1,23.1,26.1,39.4,23.1,27.9,23.4,86.6,0.2,100,4.17,rain,0,0,27.4,14.8,255.9,1011.5,54.1,9.8,270.6,23.3,9,60,2023-11-14T06:10:59,2023-11-14T17:59:59,0.04,"Rain, Partially cloudy",Partly cloudy throughout the day with late afternoon rain.,rain,"remote,65563099999"
ivory coast,2023-11-15,33.1,21.9,26.8,38.2,21.9,28.7,22.8,80.8,0,0,0,,0,0,13.7,11.2,252.2,1010.7,51.8,12.5,275.3,23.7,9,30,2023-11-15T06:11:16,2023-11-15T18:00:01,0.08,Partially cloudy,Partly cloudy throughout the day.,partly-cloudy-day,"remote,65563099999"
ivory coast,2023-11-16,33.1,22.1,26.3,38.2,22.1,28.1,23.1,84.3,0,0,0,,0,0,18.7,22.3,234,1011.2,57.5,10.5,272.1,23.6,9,30,2023-11-16T06:11:35,2023-11-16T18:00:04,0.11,Partially cloudy,Partly cloudy throughout the day.,partly-cloudy-day,"remote,65563099999"
ivory coast,2023-11-17,32.1,23.1,26.9,39.3,23.1,28.9,23.8,84.3,0.1,100,4.17,rain,0,0,19.4,11.2,187.9,1011.3,70.1,11.6,242.8,20.8,8,60,2023-11-17T06:11:54,2023-11-17T18:00:08,0.15,"Rain, Partially cloudy",Partly cloudy throughout the day with afternoon rain.,rain,"remote,65563099999"
ivory coast,2023-11-18,33.1,22.1,27,40.7,22.1,29.2,24,85.1,0,0,0,,0,0,20.2,7.6,229.1,1012.1,60.7,10.1,264.6,23,9,60,2023-11-18T06:12:13,2023-11-18T18:00:13,0.18,Partially cloudy,Partly cloudy throughout the day.,partly-cloudy-day,"remote,65563099999"
ivory coast,2023-11-19,32.1,23,26,39.3,23,27.7,23.5,86.9,0,0,0,,0,0,19.8,11.2,280.6,1012.1,62.2,12.1,259.1,22.5,9,30,2023-11-19T06:12:34,2023-11-19T18:00:18,0.22,Partially cloudy,Partly cloudy throughout the day.,partly-cloudy-day,"remote,65563099999"
ivory coast,2023-11-20,33.1,22.4,26.5,38.2,22.4,28.3,23.3,84.6,0,0,0,,0,0,16.9,7.6,263.8,1011.7,40.9,7.1,272.3,23.5,9,30,2023-11-20T06:12:55,2023-11-20T18:00:25,0.25,Partially cloudy,Partly cloudy throughout the day.,partly-cloudy-day,"remote,65563099999"
ivory coast,2023-11-21,34.1,22.1,26.3,40.7,22.1,28.3,22.9,83.1,0,0,0,,0,0,13.7,11.2,241.2,1011.5,47.1,9.8,271.8,23.5,9,10,2023-11-21T06:13:17,2023-11-21T18:00:33,0.29,Partially cloudy,Partly cloudy throughout the day.,partly-cloudy-day,"remote,65563099999"
ivory coast,2023-11-22,32.1,22.3,26.4,38,22.3,28,23.6,86,0,0,0,,0,0,21.6,18.4,223.5,1011.7,50.5,9.7,252.3,21.9,9,30,2023-11-22T06:13:39,2023-11-22T18:00:42,0.33,Partially cloudy,Partly cloudy throughout the day.,partly-cloudy-day,"remote,65563099999"
ivory coast,2023-11-23,34.1,22.8,27.1,39.5,22.8,28.9,23.3,81.9,0,0,0,,0,0,18,11.2,237.5,1011.3,66.2,11.9,239.1,20.7,9,30,2023-11-23T06:14:02,2023-11-23T18:00:52,0.36,Partially cloudy,Partly cloudy throughout the day.,partly-cloudy-day,"remote,65563099999"
ivory coast,2023-11-24,34.1,23.1,27.7,39.4,23.1,30.1,23.4,80.5,0.1,100,4.17,rain,0,0,26.6,11.2,227.7,1010.8,56.3,10.9,245.2,21.3,9,30,2023-11-24T06:14:26,2023-11-24T18:01:02,0.4,"Rain, Partially cloudy",Partly cloudy throughout the day with late afternoon rain.,rain,"remote,65563099999"
ivory coast,2023-11-25,33.6,24.1,27.1,37.9,24.1,28.6,23.2,81.4,0.9,100,12.5,rain,0,0,33.8,14.8,223.6,1010.4,48.6,12.2,212.6,18.3,9,30,2023-11-25T06:14:50,2023-11-25T18:01:14,0.43,"Rain, Partially cloudy",Partly cloudy throughout the day with afternoon rain.,rain,"remote,65563099999"
ivory coast,2023-11-26,32.1,22,26.1,36.9,22,27.1,22.7,82.5,0.6,100,12.5,rain,0,0,24.8,14.8,220.2,1011.9,68.8,15.4,158.4,13.6,9,30,2023-11-26T06:15:15,2023-11-26T18:01:27,0.47,"Rain, Partially cloudy",Partly cloudy throughout the day with rain.,rain,"remote,65563099999"
ivory coast,2023-11-27,32.1,22.1,25.8,38,22.1,27.2,22.7,84.5,6.9,100,33.33,rain,0,0,16.6,11.2,305.9,1012.8,57.5,11.2,176.3,15.1,9,30,2023-11-27T06:15:40,2023-11-27T18:01:40,0.5,"Rain, Partially cloudy",Partly cloudy throughout the day with rain.,rain,"remote,65563099999"
ivory coast,2023-11-28,32.1,22.1,26.5,38,22.1,28.9,23.7,85.6,0,0,0,,0,0,27.7,11.2,202.9,1011.5,43.3,9.9,231.3,19.9,9,30,2023-11-28T06:16:06,2023-11-28T18:01:55,0.54,Partially cloudy,Partly cloudy throughout the day.,partly-cloudy-day,"remote,65563099999"
ivory coast,2023-11-29,32.1,22.3,26.8,38,22.3,28.7,23.3,83,0.5,100,8.33,rain,0,0,21.2,11.2,244.6,1011.5,49,10.6,241.7,20.9,8,30,2023-11-29T06:16:32,2023-11-29T18:02:10,0.57,"Rain, Partially cloudy",Partly cloudy throughout the day with early morning rain.,rain,"remote,65563099999"
ivory coast,2023-11-30,34,22.1,26.5,39.4,22.1,28.5,23.3,84.9,0,0,0,rain,0,0,28.1,18.4,274.5,1012.2,45.9,7.5,242,20.9,9,30,2023-11-30T06:16:59,2023-11-30T18:02:26,0.6,Partially cloudy,Partly cloudy throughout the day.,partly-cloudy-day,"remote,65563099999"
ivory coast,2023-12-01,34.1,21.1,27,42.1,21.1,29.5,23.4,82.7,0.1,100,4.17,rain,0,0,36.7,11.2,235.3,1012.3,48.8,11.3,264.5,22.9,9,60,2023-12-01T06:17:26,2023-12-01T18:02:44,0.63,"Rain, Partially cloudy",Partly cloudy throughout the day with early morning rain.,rain,"remote,65563099999"
ivory coast,2023-12-02,34.1,21.1,26.7,40.7,21.1,28.9,23,82.3,0,0,0,,0,0,29.5,7.6,283,1012.3,44.5,8.8,261.5,22.6,9,30,2023-12-02T06:17:54,2023-12-02T18:03:01,0.66,Partially cloudy,Partly cloudy throughout the day.,partly-cloudy-day,"remote,65563099999"
ivory coast,2023-12-03,33.1,23,26.5,39.4,23,28.6,23.8,86.3,0,0,0,,0,0,25.9,11.2,246,1012,49.2,8.7,267.3,23.3,9,30,2023-12-03T06:18:22,2023-12-03T18:03:20,0.7,Partially cloudy,Partly cloudy throughout the day.,partly-cloudy-day,"remote,65563099999"
ivory coast,2023-12-04,34.1,22.1,27.1,42.1,22.1,29.3,23.3,81.8,0,0,0,,0,0,17.3,18.4,259.9,1012.1,36,8.1,268.4,23.3,9,10,2023-12-04T06:18:50,2023-12-04T18:03:40,0.73,Partially cloudy,Partly cloudy throughout the day.,partly-cloudy-day,"remote,65563099999"
ivory coast,2023-12-05,33.1,22.1,26.5,39.4,22.1,28.5,22.8,82,0,0,0,,0,0,16.2,11.2,259.8,1012.1,40.4,9.9,267.4,23.3,9,10,2023-12-05T06:19:19,2023-12-05T18:04:00,0.75,Partially cloudy,Partly cloudy throughout the day.,partly-cloudy-day,"remote,65563099999"
ivory coast,2023-12-06,34.1,21.1,26.4,39.5,21.1,28.2,22.5,81.9,0,0,0,,0,0,19.8,11.2,264.3,1012.3,29.6,10.9,268.7,23.2,9,10,2023-12-06T06:19:48,2023-12-06T18:04:21,0.79,Partially cloudy,Partly cloudy throughout the day.,partly-cloudy-day,"remote,65563099999"
ivory coast,2023-12-07,33.3,21.1,26,39.4,21.1,27.5,22.6,83.8,0,0,0,,0,0,21.6,14.8,249.8,1012.9,46.7,9.1,252.4,22,9,10,2023-12-07T06:20:17,2023-12-07T18:04:43,0.82,Partially cloudy,Partly cloudy throughout the day.,partly-cloudy-day,"remote,65563099999"
ivory coast,2023-12-08,33.1,21.1,26.8,38.2,21.1,28.5,22.6,80.2,0,0,0,rain,0,0,25.2,11.2,158.7,1012.7,31.9,8,179.7,15.6,9,10,2023-12-08T06:20:47,2023-12-08T18:05:06,0.86,Partially cloudy,Becoming cloudy in the afternoon.,partly-cloudy-day,"remote,65563099999"
ivory coast,2023-12-09,34.1,22.1,27.3,39.5,22.1,29.4,22.8,78.2,0,0,0,,0,0,15.1,14.8,294.3,1010.5,26.9,10.1,264.2,22.9,9,10,2023-12-09T06:21:17,2023-12-09T18:05:29,0.89,Partially cloudy,Partly cloudy throughout the day.,partly-cloudy-day,"remote,65563099999"
ivory coast,2023-12-10,32.5,22.1,26.2,35.9,22.1,27.3,21.4,77.7,0,0,0,,0,0,13.7,11.2,285.4,1011.2,49,10.6,264.1,22.9,9,10,2023-12-10T06:21:47,2023-12-10T18:05:53,0.92,Partially cloudy,Partly cloudy throughout the day.,partly-cloudy-day,"remote,65563099999"
ivory coast,2023-12-11,33.1,21.1,26.3,37.1,21.1,27.7,22.6,82.7,0,0,0,,0,0,18,11.2,299.2,1011.3,49.9,7,264.8,22.9,9,10,2023-12-11T06:22:17,2023-12-11T18:06:18,0.95,Partially cloudy,Partly cloudy throughout the day.,partly-cloudy-day,"remote,65563099999"
ivory coast,2023-12-12,35.1,21.1,27.3,37.8,21.1,28.5,19.7,67.4,0,0,0,,0,0,15.1,11.2,31.5,1011.4,34.4,12.2,266.4,23,9,10,2023-12-12T06:22:47,2023-12-12T18:06:43,0,Partially cloudy,Partly cloudy throughout the day.,partly-cloudy-day,"remote,65563099999"
ivory coast,2023-12-13,33.2,18.1,25.1,31.8,18.1,24.7,14,56.7,0,0,0,,0,0,16.6,18.4,35.2,1011.1,24.8,8.1,278.5,23.9,9,10,2023-12-13T06:23:18,2023-12-13T18:07:09,0.02,Partially cloudy,Partly cloudy throughout the day.,partly-cloudy-day,"65562099999,remote,65563099999"
ivory coast,2023-12-14,34.1,16.1,24.5,32.5,16.1,24.1,13.6,58.5,0,0,0,,0,0,10.8,11.2,0.8,1010.3,9.2,9.4,272.3,23.6,9,10,2023-12-14T06:23:48,2023-12-14T18:07:36,0.05,Clear,Clear conditions throughout the day.,clear-day,"65562099999,remote,65563099999"
ivory coast,2023-12-15,34.1,16.8,24.7,33.7,16.8,24.6,15.7,62.9,0,0,0,,0,0,15.5,11.2,8.4,1009.9,13.2,4.9,270.7,23.4,9,10,2023-12-15T06:24:19,2023-12-15T18:08:03,0.09,Clear,Clear conditions throughout the day.,clear-day,"65562099999,remote,65563099999"
ivory coast,2023-12-16,33.2,18.1,25.3,33.1,18.1,25.2,15.7,60.3,0,0,0,,0,0,14.4,11.2,353.4,1009.4,14.1,7.7,250.9,21.8,9,10,2023-12-16T06:24:49,2023-12-16T18:08:30,0.13,Clear,Clear conditions throughout the day.,clear-day,"65562099999,remote,65563099999"
ivory coast,2023-12-17,32.1,17.5,24.3,31.7,17.5,24.3,15.5,62.5,0,0,0,,0,0,14.8,11.2,329,1010,20.4,7.4,262,22.7,9,10,2023-12-17T06:25:20,2023-12-17T18:08:58,0.16,Partially cloudy,Partly cloudy throughout the day.,partly-cloudy-day,"65562099999,remote,65563099999"
ivory coast,2023-12-18,35.2,15.5,25.1,33.2,15.5,24.4,13.1,56.6,0,0,0,,0,0,16.2,18.4,12.5,1009.7,15.2,7.5,267.9,23.2,9,10,2023-12-18T06:25:50,2023-12-18T18:09:26,0.2,Clear,Clear conditions throughout the day.,clear-day,"65562099999,remote,65563099999"
ivory coast,2023-12-19,33.2,17.7,24.9,30.9,17.7,24.3,10.5,46.1,0,0,0,,0,0,15.5,18.4,6.8,1011.2,14.1,8.2,274,23.8,9,10,2023-12-19T06:26:21,2023-12-19T18:09:55,0.25,Clear,Clear conditions throughout the day.,clear-day,"65562099999,remote,65563099999"
ivory coast,2023-12-20,33.1,17.1,24,30.9,17.1,23.4,9,43.4,0,0,0,,0,0,22.7,18.4,351.8,1012.7,5.9,6.3,275,23.9,9,10,2023-12-20T06:26:51,2023-12-20T18:10:24,0.27,Clear,Clear conditions throughout the day.,clear-day,"65562099999,remote,65563099999"
ivory coast,2023-12-21,33.1,15.1,23.4,31.6,15.1,22.8,11.2,54.6,0,0,0,,0,0,17.6,18.2,2.1,1012.3,10.6,6.3,273.8,23.7,9,10,2023-12-21T06:27:21,2023-12-21T18:10:54,0.3,Clear,Clear conditions throughout the day.,clear-day,"65562099999,remote,65563099999"
ivory coast,2023-12-22,34.3,14.7,23.3,32,14.7,22.7,10.4,51.8,0,0,0,,0,0,13.3,14.8,355.4,1011.9,22.1,7.6,275,23.8,9,10,2023-12-22T06:27:51,2023-12-22T18:11:23,0.34,Partially cloudy,Partly cloudy throughout the day.,partly-cloudy-day,"65562099999,remote,65563099999"
ivory coast,2023-12-23,34.1,13.3,23.5,32,13.3,23,11.9,56.5,0,0,0,,0,0,17.6,14.8,41.8,1012,13.7,6.3,272.2,23.5,9,10,2023-12-23T06:28:20,2023-12-23T18:11:53,0.37,Clear,Clear conditions throughout the day.,clear-day,"65562099999,remote,65563099999"
ivory coast,2023-12-24,36.4,13.7,25,35.3,13.7,24.8,14.2,57.9,0,0,0,,0,0,15.1,18,66,1011.8,12.3,7,267.8,22.9,9,10,2023-12-24T06:28:50,2023-12-24T18:12:24,0.41,Clear,Clear conditions throughout the day.,clear-day,"65562099999,remote,65563099999"
ivory coast,2023-12-25,34.1,19,25.7,36.9,19,26.8,19.9,73.3,0,0,0,,0,0,11.2,11.2,305.1,1011.7,28.9,7.3,272.3,23.5,9,10,2023-12-25T06:29:19,2023-12-25T18:12:54,0.45,Partially cloudy,Clearing in the afternoon.,partly-cloudy-day,"65562099999,remote,65563099999"
ivory coast,2023-12-26,37,20.1,27,39.4,20.1,28,18.8,66.8,0,0,0,,0,0,8.6,11.2,332.5,1011.1,21,8.7,272.2,23.4,9,10,2023-12-26T06:29:48,2023-12-26T18:13:25,0.48,Partially cloudy,Partly cloudy throughout the day.,partly-cloudy-day,"65562099999,remote,65563099999"
ivory coast,2023-12-27,36.1,17.1,25.7,36.6,17.1,26,16,60.4,0,0,0,,0,0,11.5,18,334.1,1011.4,9.8,7.6,279.2,23.8,9,10,2023-12-27T06:30:16,2023-12-27T18:13:56,0.5,Clear,Clear conditions throughout the day.,clear-day,"65562099999,remote,65563099999"
ivory coast,2023-12-28,35.7,18.1,25.6,36.9,18.1,26.6,17.8,68.6,0,0,0,,0,0,7.6,11.2,312.4,1012.8,45.6,9.8,273.9,23.8,9,10,2023-12-28T06:30:44,2023-12-28T18:14:27,0.55,Partially cloudy,Clearing in the afternoon.,partly-cloudy-day,"65562099999,remote,65563099999"
ivory coast,2023-12-29,35.8,18.1,25,34.2,18.1,25.4,17.3,69,0,0,0,,0,0,11.2,10.9,341.6,1011.9,26.9,6.6,275.8,23.8,9,10,2023-12-29T06:31:11,2023-12-29T18:14:58,0.58,Partially cloudy,Partly cloudy throughout the day.,partly-cloudy-day,"65562099999,remote,65563099999"
ivory coast,2023-12-30,35.8,16.8,25.1,35.5,16.8,25.2,16,62.4,0,0,0,,0,0,22,11.2,355,1011.5,17.9,6,274,23.8,9,10,2023-12-30T06:31:38,2023-12-30T18:15:29,0.61,Clear,Clear conditions throughout the day.,clear-day,"65562099999,remote,65563099999"
ivory coast,2023-12-31,33.6,20.1,25.7,36.9,20.1,26.8,21.1,78.6,0,0,0,,0,0,11.5,14.8,320.1,1011.5,29.2,6.6,269.3,23.2,9,10,2023-12-31T06:32:05,2023-12-31T18:16:00,0.64,Partially cloudy,Clearing in the afternoon.,partly-cloudy-day,"65562099999,remote,65563099999"
ivory coast,2024-01-01,33.1,21.1,25.9,37.1,21.1,27.2,21.3,78.1,0,0,0,,0,0,12.6,11.2,302.1,1012.2,36,8.3,269.3,23.1,9,10,2024-01-01T06:32:31,2024-01-01T18:16:31,0.68,Partially cloudy,Partly cloudy throughout the day.,partly-cloudy-day,"65562099999,remote,65563099999"
